mailAddress,name,code
hoge1@example.com,hoge1,1
hoge2@example.com,hoge2,2
hoge3@example.com,hoge3,3
hoge4@example.com,hoge4,4
hoge5@example.com,hoge5,5
hoge6@example.com,hoge6,6
hoge7@example.com,hoge7,7
hoge8@example.com,hoge8,8
hoge9@example.com,hoge9,9
hoge10@example.com,hoge10,10
hoge11@example.com,hoge11,11
hoge12@example.com,hoge12,12
hoge13@example.com,hoge13,13
hoge14@example.com,hoge14,14
hoge15@example.com,hoge15,15
hoge16@example.com,hoge16,16
hoge17@example.com,hoge17,17
hoge18@example.com,hoge18,18
hoge19@example.com,hoge19,19
hoge20@example.com,hoge20,20
hoge21@example.com,hoge21,21
hoge22@example.com,hoge22,22
hoge23@example.com,hoge23,23
hoge24@example.com,hoge24,24
hoge25@example.com,hoge25,25
hoge26@example.com,hoge26,26
hoge27@example.com,hoge27,27
hoge28@example.com,hoge28,28
hoge29@example.com,hoge29,29
hoge30@example.com,hoge30,30
hoge31@example.com,hoge31,31
hoge32@example.com,hoge32,32
hoge33@example.com,hoge33,33
hoge34@example.com,hoge34,34
hoge35@example.com,hoge35,35
hoge36@example.com,hoge36,36
hoge37@example.com,hoge37,37
hoge38@example.com,hoge38,38
hoge39@example.com,hoge39,39
hoge40@example.com,hoge40,40
hoge41@example.com,hoge41,41
hoge42@example.com,hoge42,42
hoge43@example.com,hoge43,43
hoge44@example.com,hoge44,44
hoge45@example.com,hoge45,45
hoge46@example.com,hoge46,46
hoge47@example.com,hoge47,47
hoge48@example.com,hoge48,48
hoge49@example.com,hoge49,49
hoge50@example.com,hoge50,50
hoge51@example.com,hoge51,51
hoge52@example.com,hoge52,52
hoge53@example.com,hoge53,53
hoge54@example.com,hoge54,54
hoge55@example.com,hoge55,55
hoge56@example.com,hoge56,56
hoge57@example.com,hoge57,57
hoge58@example.com,hoge58,58
hoge59@example.com,hoge59,59
hoge60@example.com,hoge60,60
hoge61@example.com,hoge61,61
hoge62@example.com,hoge62,62
hoge63@example.com,hoge63,63
hoge64@example.com,hoge64,64
hoge65@example.com,hoge65,65
hoge66@example.com,hoge66,66
hoge67@example.com,hoge67,67
hoge68@example.com,hoge68,68
hoge69@example.com,hoge69,69
hoge70@example.com,hoge70,70
hoge71@example.com,hoge71,71
hoge72@example.com,hoge72,72
hoge73@example.com,hoge73,73
hoge74@example.com,hoge74,74
hoge75@example.com,hoge75,75
hoge76@example.com,hoge76,76
hoge77@example.com,hoge77,77
hoge78@example.com,hoge78,78
hoge79@example.com,hoge79,79
hoge80@example.com,hoge80,80
hoge81@example.com,hoge81,81
hoge82@example.com,hoge82,82
hoge83@example.com,hoge83,83
hoge84@example.com,hoge84,84
hoge85@example.com,hoge85,85
hoge86@example.com,hoge86,86
hoge87@example.com,hoge87,87
hoge88@example.com,hoge88,88
hoge89@example.com,hoge89,89
hoge90@example.com,hoge90,90
hoge91@example.com,hoge91,91
hoge92@example.com,hoge92,92
hoge93@example.com,hoge93,93
hoge94@example.com,hoge94,94
hoge95@example.com,hoge95,95
hoge96@example.com,hoge96,96
hoge97@example.com,hoge97,97
hoge98@example.com,hoge98,98
hoge99@example.com,hoge99,99
hoge100@example.com,hoge100,100
hoge101@example.com,hoge101,101
hoge102@example.com,hoge102,102
hoge103@example.com,hoge103,103
hoge104@example.com,hoge104,104
hoge105@example.com,hoge105,105
hoge106@example.com,hoge106,106
hoge107@example.com,hoge107,107
hoge108@example.com,hoge108,108
hoge109@example.com,hoge109,109
hoge110@example.com,hoge110,110
hoge111@example.com,hoge111,111
hoge112@example.com,hoge112,112
hoge113@example.com,hoge113,113
hoge114@example.com,hoge114,114
hoge115@example.com,hoge115,115
hoge116@example.com,hoge116,116
hoge117@example.com,hoge117,117
hoge118@example.com,hoge118,118
hoge119@example.com,hoge119,119
hoge120@example.com,hoge120,120
hoge121@example.com,hoge121,121
hoge122@example.com,hoge122,122
hoge123@example.com,hoge123,123
hoge124@example.com,hoge124,124
hoge125@example.com,hoge125,125
hoge126@example.com,hoge126,126
hoge127@example.com,hoge127,127
hoge128@example.com,hoge128,128
hoge129@example.com,hoge129,129
hoge130@example.com,hoge130,130
hoge131@example.com,hoge131,131
hoge132@example.com,hoge132,132
hoge133@example.com,hoge133,133
hoge134@example.com,hoge134,134
hoge135@example.com,hoge135,135
hoge136@example.com,hoge136,136
hoge137@example.com,hoge137,137
hoge138@example.com,hoge138,138
hoge139@example.com,hoge139,139
hoge140@example.com,hoge140,140
hoge141@example.com,hoge141,141
hoge142@example.com,hoge142,142
hoge143@example.com,hoge143,143
hoge144@example.com,hoge144,144
hoge145@example.com,hoge145,145
hoge146@example.com,hoge146,146
hoge147@example.com,hoge147,147
hoge148@example.com,hoge148,148
hoge149@example.com,hoge149,149
hoge150@example.com,hoge150,150
hoge151@example.com,hoge151,151
hoge152@example.com,hoge152,152
hoge153@example.com,hoge153,153
hoge154@example.com,hoge154,154
hoge155@example.com,hoge155,155
hoge156@example.com,hoge156,156
hoge157@example.com,hoge157,157
hoge158@example.com,hoge158,158
hoge159@example.com,hoge159,159
hoge160@example.com,hoge160,160
hoge161@example.com,hoge161,161
hoge162@example.com,hoge162,162
hoge163@example.com,hoge163,163
hoge164@example.com,hoge164,164
hoge165@example.com,hoge165,165
hoge166@example.com,hoge166,166
hoge167@example.com,hoge167,167
hoge168@example.com,hoge168,168
hoge169@example.com,hoge169,169
hoge170@example.com,hoge170,170
hoge171@example.com,hoge171,171
hoge172@example.com,hoge172,172
hoge173@example.com,hoge173,173
hoge174@example.com,hoge174,174
hoge175@example.com,hoge175,175
hoge176@example.com,hoge176,176
hoge177@example.com,hoge177,177
hoge178@example.com,hoge178,178
hoge179@example.com,hoge179,179
hoge180@example.com,hoge180,180
hoge181@example.com,hoge181,181
hoge182@example.com,hoge182,182
hoge183@example.com,hoge183,183
hoge184@example.com,hoge184,184
hoge185@example.com,hoge185,185
hoge186@example.com,hoge186,186
hoge187@example.com,hoge187,187
hoge188@example.com,hoge188,188
hoge189@example.com,hoge189,189
hoge190@example.com,hoge190,190
hoge191@example.com,hoge191,191
hoge192@example.com,hoge192,192
hoge193@example.com,hoge193,193
hoge194@example.com,hoge194,194
hoge195@example.com,hoge195,195
hoge196@example.com,hoge196,196
hoge197@example.com,hoge197,197
hoge198@example.com,hoge198,198
hoge199@example.com,hoge199,199
hoge200@example.com,hoge200,200
hoge201@example.com,hoge201,201
hoge202@example.com,hoge202,202
hoge203@example.com,hoge203,203
hoge204@example.com,hoge204,204
hoge205@example.com,hoge205,205
hoge206@example.com,hoge206,206
hoge207@example.com,hoge207,207
hoge208@example.com,hoge208,208
hoge209@example.com,hoge209,209
hoge210@example.com,hoge210,210
hoge211@example.com,hoge211,211
hoge212@example.com,hoge212,212
hoge213@example.com,hoge213,213
hoge214@example.com,hoge214,214
hoge215@example.com,hoge215,215
hoge216@example.com,hoge216,216
hoge217@example.com,hoge217,217
hoge218@example.com,hoge218,218
hoge219@example.com,hoge219,219
hoge220@example.com,hoge220,220
hoge221@example.com,hoge221,221
hoge222@example.com,hoge222,222
hoge223@example.com,hoge223,223
hoge224@example.com,hoge224,224
hoge225@example.com,hoge225,225
hoge226@example.com,hoge226,226
hoge227@example.com,hoge227,227
hoge228@example.com,hoge228,228
hoge229@example.com,hoge229,229
hoge230@example.com,hoge230,230
hoge231@example.com,hoge231,231
hoge232@example.com,hoge232,232
hoge233@example.com,hoge233,233
hoge234@example.com,hoge234,234
hoge235@example.com,hoge235,235
hoge236@example.com,hoge236,236
hoge237@example.com,hoge237,237
hoge238@example.com,hoge238,238
hoge239@example.com,hoge239,239
hoge240@example.com,hoge240,240
hoge241@example.com,hoge241,241
hoge242@example.com,hoge242,242
hoge243@example.com,hoge243,243
hoge244@example.com,hoge244,244
hoge245@example.com,hoge245,245
hoge246@example.com,hoge246,246
hoge247@example.com,hoge247,247
hoge248@example.com,hoge248,248
hoge249@example.com,hoge249,249
hoge250@example.com,hoge250,250
hoge251@example.com,hoge251,251
hoge252@example.com,hoge252,252
hoge253@example.com,hoge253,253
hoge254@example.com,hoge254,254
hoge255@example.com,hoge255,255
hoge256@example.com,hoge256,256
hoge257@example.com,hoge257,257
hoge258@example.com,hoge258,258
hoge259@example.com,hoge259,259
hoge260@example.com,hoge260,260
hoge261@example.com,hoge261,261
hoge262@example.com,hoge262,262
hoge263@example.com,hoge263,263
hoge264@example.com,hoge264,264
hoge265@example.com,hoge265,265
hoge266@example.com,hoge266,266
hoge267@example.com,hoge267,267
hoge268@example.com,hoge268,268
hoge269@example.com,hoge269,269
hoge270@example.com,hoge270,270
hoge271@example.com,hoge271,271
hoge272@example.com,hoge272,272
hoge273@example.com,hoge273,273
hoge274@example.com,hoge274,274
hoge275@example.com,hoge275,275
hoge276@example.com,hoge276,276
hoge277@example.com,hoge277,277
hoge278@example.com,hoge278,278
hoge279@example.com,hoge279,279
hoge280@example.com,hoge280,280
hoge281@example.com,hoge281,281
hoge282@example.com,hoge282,282
hoge283@example.com,hoge283,283
hoge284@example.com,hoge284,284
hoge285@example.com,hoge285,285
hoge286@example.com,hoge286,286
hoge287@example.com,hoge287,287
hoge288@example.com,hoge288,288
hoge289@example.com,hoge289,289
hoge290@example.com,hoge290,290
hoge291@example.com,hoge291,291
hoge292@example.com,hoge292,292
hoge293@example.com,hoge293,293
hoge294@example.com,hoge294,294
hoge295@example.com,hoge295,295
hoge296@example.com,hoge296,296
hoge297@example.com,hoge297,297
hoge298@example.com,hoge298,298
hoge299@example.com,hoge299,299
hoge300@example.com,hoge300,300
hoge301@example.com,hoge301,301
hoge302@example.com,hoge302,302
hoge303@example.com,hoge303,303
hoge304@example.com,hoge304,304
hoge305@example.com,hoge305,305
hoge306@example.com,hoge306,306
hoge307@example.com,hoge307,307
hoge308@example.com,hoge308,308
hoge309@example.com,hoge309,309
hoge310@example.com,hoge310,310
hoge311@example.com,hoge311,311
hoge312@example.com,hoge312,312
hoge313@example.com,hoge313,313
hoge314@example.com,hoge314,314
hoge315@example.com,hoge315,315
hoge316@example.com,hoge316,316
hoge317@example.com,hoge317,317
hoge318@example.com,hoge318,318
hoge319@example.com,hoge319,319
hoge320@example.com,hoge320,320
hoge321@example.com,hoge321,321
hoge322@example.com,hoge322,322
hoge323@example.com,hoge323,323
hoge324@example.com,hoge324,324
hoge325@example.com,hoge325,325
hoge326@example.com,hoge326,326
hoge327@example.com,hoge327,327
hoge328@example.com,hoge328,328
hoge329@example.com,hoge329,329
hoge330@example.com,hoge330,330
hoge331@example.com,hoge331,331
hoge332@example.com,hoge332,332
hoge333@example.com,hoge333,333
hoge334@example.com,hoge334,334
hoge335@example.com,hoge335,335
hoge336@example.com,hoge336,336
hoge337@example.com,hoge337,337
hoge338@example.com,hoge338,338
hoge339@example.com,hoge339,339
hoge340@example.com,hoge340,340
hoge341@example.com,hoge341,341
hoge342@example.com,hoge342,342
hoge343@example.com,hoge343,343
hoge344@example.com,hoge344,344
hoge345@example.com,hoge345,345
hoge346@example.com,hoge346,346
hoge347@example.com,hoge347,347
hoge348@example.com,hoge348,348
hoge349@example.com,hoge349,349
hoge350@example.com,hoge350,350
hoge351@example.com,hoge351,351
hoge352@example.com,hoge352,352
hoge353@example.com,hoge353,353
hoge354@example.com,hoge354,354
hoge355@example.com,hoge355,355
hoge356@example.com,hoge356,356
hoge357@example.com,hoge357,357
hoge358@example.com,hoge358,358
hoge359@example.com,hoge359,359
hoge360@example.com,hoge360,360
hoge361@example.com,hoge361,361
hoge362@example.com,hoge362,362
hoge363@example.com,hoge363,363
hoge364@example.com,hoge364,364
hoge365@example.com,hoge365,365
hoge366@example.com,hoge366,366
hoge367@example.com,hoge367,367
hoge368@example.com,hoge368,368
hoge369@example.com,hoge369,369
hoge370@example.com,hoge370,370
hoge371@example.com,hoge371,371
hoge372@example.com,hoge372,372
hoge373@example.com,hoge373,373
hoge374@example.com,hoge374,374
hoge375@example.com,hoge375,375
hoge376@example.com,hoge376,376
hoge377@example.com,hoge377,377
hoge378@example.com,hoge378,378
hoge379@example.com,hoge379,379
hoge380@example.com,hoge380,380
hoge381@example.com,hoge381,381
hoge382@example.com,hoge382,382
hoge383@example.com,hoge383,383
hoge384@example.com,hoge384,384
hoge385@example.com,hoge385,385
hoge386@example.com,hoge386,386
hoge387@example.com,hoge387,387
hoge388@example.com,hoge388,388
hoge389@example.com,hoge389,389
hoge390@example.com,hoge390,390
hoge391@example.com,hoge391,391
hoge392@example.com,hoge392,392
hoge393@example.com,hoge393,393
hoge394@example.com,hoge394,394
hoge395@example.com,hoge395,395
hoge396@example.com,hoge396,396
hoge397@example.com,hoge397,397
hoge398@example.com,hoge398,398
hoge399@example.com,hoge399,399
hoge400@example.com,hoge400,400
hoge401@example.com,hoge401,401
hoge402@example.com,hoge402,402
hoge403@example.com,hoge403,403
hoge404@example.com,hoge404,404
hoge405@example.com,hoge405,405
hoge406@example.com,hoge406,406
hoge407@example.com,hoge407,407
hoge408@example.com,hoge408,408
hoge409@example.com,hoge409,409
hoge410@example.com,hoge410,410
hoge411@example.com,hoge411,411
hoge412@example.com,hoge412,412
hoge413@example.com,hoge413,413
hoge414@example.com,hoge414,414
hoge415@example.com,hoge415,415
hoge416@example.com,hoge416,416
hoge417@example.com,hoge417,417
hoge418@example.com,hoge418,418
hoge419@example.com,hoge419,419
hoge420@example.com,hoge420,420
hoge421@example.com,hoge421,421
hoge422@example.com,hoge422,422
hoge423@example.com,hoge423,423
hoge424@example.com,hoge424,424
hoge425@example.com,hoge425,425
hoge426@example.com,hoge426,426
hoge427@example.com,hoge427,427
hoge428@example.com,hoge428,428
hoge429@example.com,hoge429,429
hoge430@example.com,hoge430,430
hoge431@example.com,hoge431,431
hoge432@example.com,hoge432,432
hoge433@example.com,hoge433,433
hoge434@example.com,hoge434,434
hoge435@example.com,hoge435,435
hoge436@example.com,hoge436,436
hoge437@example.com,hoge437,437
hoge438@example.com,hoge438,438
hoge439@example.com,hoge439,439
hoge440@example.com,hoge440,440
hoge441@example.com,hoge441,441
hoge442@example.com,hoge442,442
hoge443@example.com,hoge443,443
hoge444@example.com,hoge444,444
hoge445@example.com,hoge445,445
hoge446@example.com,hoge446,446
hoge447@example.com,hoge447,447
hoge448@example.com,hoge448,448
hoge449@example.com,hoge449,449
hoge450@example.com,hoge450,450
hoge451@example.com,hoge451,451
hoge452@example.com,hoge452,452
hoge453@example.com,hoge453,453
hoge454@example.com,hoge454,454
hoge455@example.com,hoge455,455
hoge456@example.com,hoge456,456
hoge457@example.com,hoge457,457
hoge458@example.com,hoge458,458
hoge459@example.com,hoge459,459
hoge460@example.com,hoge460,460
hoge461@example.com,hoge461,461
hoge462@example.com,hoge462,462
hoge463@example.com,hoge463,463
hoge464@example.com,hoge464,464
hoge465@example.com,hoge465,465
hoge466@example.com,hoge466,466
hoge467@example.com,hoge467,467
hoge468@example.com,hoge468,468
hoge469@example.com,hoge469,469
hoge470@example.com,hoge470,470
hoge471@example.com,hoge471,471
hoge472@example.com,hoge472,472
hoge473@example.com,hoge473,473
hoge474@example.com,hoge474,474
hoge475@example.com,hoge475,475
hoge476@example.com,hoge476,476
hoge477@example.com,hoge477,477
hoge478@example.com,hoge478,478
hoge479@example.com,hoge479,479
hoge480@example.com,hoge480,480
hoge481@example.com,hoge481,481
hoge482@example.com,hoge482,482
hoge483@example.com,hoge483,483
hoge484@example.com,hoge484,484
hoge485@example.com,hoge485,485
hoge486@example.com,hoge486,486
hoge487@example.com,hoge487,487
hoge488@example.com,hoge488,488
hoge489@example.com,hoge489,489
hoge490@example.com,hoge490,490
hoge491@example.com,hoge491,491
hoge492@example.com,hoge492,492
hoge493@example.com,hoge493,493
hoge494@example.com,hoge494,494
hoge495@example.com,hoge495,495
hoge496@example.com,hoge496,496
hoge497@example.com,hoge497,497
hoge498@example.com,hoge498,498
hoge499@example.com,hoge499,499
hoge500@example.com,hoge500,500
hoge501@example.com,hoge501,501
hoge502@example.com,hoge502,502
hoge503@example.com,hoge503,503
hoge504@example.com,hoge504,504
hoge505@example.com,hoge505,505
hoge506@example.com,hoge506,506
hoge507@example.com,hoge507,507
hoge508@example.com,hoge508,508
hoge509@example.com,hoge509,509
hoge510@example.com,hoge510,510